{
    "std": [
        "std",
        "reYIK",
        "module",
        1
    ],
    "ml_demodulator": [
        "ml_demodulator",
        "JF2ar",
        "module",
        2
    ],
    "testbed": [
        "testbed",
        "yIsE3",
        "module",
        3
    ],
    "AN2": [
        "AN2",
        "tIBHS",
        "module",
        4
    ],
    "AN2B1P": [
        "AN2B1P",
        "ifg58",
        "module",
        57
    ],
    "AN2P": [
        "AN2P",
        "SPjbG",
        "module",
        6
    ],
    "AN2S": [
        "AN2S",
        "Q5vPM",
        "module",
        7
    ],
    "AN2T": [
        "AN2T",
        "VyYZC",
        "module",
        8
    ],
    "AN4": [
        "AN4",
        "dvdL6",
        "module",
        45
    ],
    "AN4B1": [
        "AN4B1",
        "w1vNy",
        "module",
        10
    ],
    "AN4B1S": [
        "AN4B1S",
        "nQnpH",
        "module",
        11
    ],
    "AN4S": [
        "AN4S",
        "Qh9YF",
        "module",
        12
    ],
    "AO12": [
        "AO12",
        "BjGS2",
        "module",
        13
    ],
    "AO12P": [
        "AO12P",
        "wM6Y1",
        "module",
        43
    ],
    "AO12S": [
        "AO12S",
        "LP3dV",
        "module",
        14
    ],
    "AO13": [
        "AO13",
        "GUzuZ",
        "module",
        98
    ],
    "AO13S": [
        "AO13S",
        "R6CH7",
        "module",
        15
    ],
    "AO22": [
        "AO22",
        "teZzw",
        "module",
        16
    ],
    "AO222": [
        "AO222",
        "A27gf",
        "module",
        29
    ],
    "AO222S": [
        "AO222S",
        "DBMAL",
        "module",
        18
    ],
    "AO22P": [
        "AO22P",
        "Hn6VB",
        "module",
        25
    ],
    "AOI12H": [
        "AOI12H",
        "qxbeQ",
        "module",
        99
    ],
    "AOI12HP": [
        "AOI12HP",
        "w9v1q",
        "module",
        22
    ],
    "AOI12HS": [
        "AOI12HS",
        "HY3m6",
        "module",
        21
    ],
    "AOI12HT": [
        "AOI12HT",
        "vV22L",
        "module",
        19
    ],
    "AOI13H": [
        "AOI13H",
        "ULp7Q",
        "module",
        17
    ],
    "AOI13HP": [
        "AOI13HP",
        "vEtjT",
        "module",
        23
    ],
    "AOI13HS": [
        "AOI13HS",
        "Yf0TI",
        "module",
        24
    ],
    "AOI13HT": [
        "AOI13HT",
        "zJ62d",
        "module",
        100
    ],
    "AOI22H": [
        "AOI22H",
        "knVQz",
        "module",
        9
    ],
    "AOI22S": [
        "AOI22S",
        "wrIhr",
        "module",
        26
    ],
    "BUF1": [
        "BUF1",
        "VpcM6",
        "module",
        27
    ],
    "BUF1CK": [
        "BUF1CK",
        "Q5I4P",
        "module",
        28
    ],
    "BUF2": [
        "BUF2",
        "RrFpz",
        "module",
        30
    ],
    "BUF3": [
        "BUF3",
        "dzTmH",
        "module",
        31
    ],
    "BUF4": [
        "BUF4",
        "fPIhq",
        "module",
        101
    ],
    "BUF4CK": [
        "BUF4CK",
        "JCEv1",
        "module",
        5
    ],
    "BUF6": [
        "BUF6",
        "zLZVy",
        "module",
        102
    ],
    "BUF6CK": [
        "BUF6CK",
        "pyqpg",
        "module",
        114
    ],
    "DFFS": [
        "DFFS",
        "y7J8P",
        "module",
        32
    ],
    "DFFSBN": [
        "DFFSBN",
        "JNkc3",
        "module",
        33
    ],
    "FA1": [
        "FA1",
        "mRR4W",
        "module",
        34
    ],
    "FA1S": [
        "FA1S",
        "ibUqY",
        "module",
        35
    ],
    "HA1": [
        "HA1",
        "b9apy",
        "module",
        36
    ],
    "HA1P": [
        "HA1P",
        "qpwGF",
        "module",
        115
    ],
    "HA1S": [
        "HA1S",
        "Kwthd",
        "module",
        37
    ],
    "INV1": [
        "INV1",
        "cH4xE",
        "module",
        38
    ],
    "INV1CK": [
        "INV1CK",
        "S7FQF",
        "module",
        39
    ],
    "INV1S": [
        "INV1S",
        "wqgB3",
        "module",
        40
    ],
    "INV2": [
        "INV2",
        "S1Ur0",
        "module",
        41
    ],
    "INV3": [
        "INV3",
        "DqdeV",
        "module",
        42
    ],
    "INV4": [
        "INV4",
        "jnMGw",
        "module",
        44
    ],
    "INV4CK": [
        "INV4CK",
        "sdtQm",
        "module",
        116
    ],
    "INV6": [
        "INV6",
        "KAqZD",
        "module",
        46
    ],
    "INV6CK": [
        "INV6CK",
        "SWHU7",
        "module",
        103
    ],
    "INV8": [
        "INV8",
        "YWqs6",
        "module",
        104
    ],
    "MAO222": [
        "MAO222",
        "qHpin",
        "module",
        47
    ],
    "MAO222S": [
        "MAO222S",
        "f6rah",
        "module",
        48
    ],
    "MAOI1": [
        "MAOI1",
        "TUe0e",
        "module",
        105
    ],
    "MAOI1H": [
        "MAOI1H",
        "cWN1z",
        "module",
        117
    ],
    "MAOI1S": [
        "MAOI1S",
        "CZy2p",
        "module",
        49
    ],
    "MOAI1": [
        "MOAI1",
        "VqKcK",
        "module",
        50
    ],
    "MOAI1H": [
        "MOAI1H",
        "hh4Ly",
        "module",
        51
    ],
    "MOAI1HP": [
        "MOAI1HP",
        "h28WV",
        "module",
        52
    ],
    "MOAI1S": [
        "MOAI1S",
        "dKZ8Z",
        "module",
        53
    ],
    "MUX2": [
        "MUX2",
        "zGIY9",
        "module",
        54
    ],
    "MUX2S": [
        "MUX2S",
        "GKnxP",
        "module",
        55
    ],
    "MXL2HS": [
        "MXL2HS",
        "zynU3",
        "module",
        118
    ],
    "ND2": [
        "ND2",
        "TxenJ",
        "module",
        56
    ],
    "ND2P": [
        "ND2P",
        "FkrCI",
        "module",
        58
    ],
    "ND2S": [
        "ND2S",
        "aS1Fw",
        "module",
        59
    ],
    "ND2T": [
        "ND2T",
        "agYdx",
        "module",
        60
    ],
    "ND3": [
        "ND3",
        "PbbMh",
        "module",
        61
    ],
    "ND3HT": [
        "ND3HT",
        "UrP36",
        "module",
        62
    ],
    "ND3P": [
        "ND3P",
        "ZxqmC",
        "module",
        63
    ],
    "ND3S": [
        "ND3S",
        "Qjpqr",
        "module",
        64
    ],
    "NR2": [
        "NR2",
        "DUIFi",
        "module",
        65
    ],
    "NR2F": [
        "NR2F",
        "mxgTw",
        "module",
        66
    ],
    "NR2P": [
        "NR2P",
        "czfxV",
        "module",
        67
    ],
    "NR2T": [
        "NR2T",
        "P4vtc",
        "module",
        68
    ],
    "NR3": [
        "NR3",
        "x5tgV",
        "module",
        69
    ],
    "NR3HT": [
        "NR3HT",
        "Q72z6",
        "module",
        70
    ],
    "OA112S": [
        "OA112S",
        "m0kb0",
        "module",
        72
    ],
    "OA12": [
        "OA12",
        "IYdLc",
        "module",
        73
    ],
    "OA12P": [
        "OA12P",
        "QrNHR",
        "module",
        108
    ],
    "OA12S": [
        "OA12S",
        "LG6yq",
        "module",
        74
    ],
    "OA222": [
        "OA222",
        "iETF0",
        "module",
        119
    ],
    "OA222S": [
        "OA222S",
        "RJI7y",
        "module",
        75
    ],
    "OA22S": [
        "OA22S",
        "Vz2tY",
        "module",
        76
    ],
    "OAI112HS": [
        "OAI112HS",
        "RgSDU",
        "module",
        77
    ],
    "OAI12H": [
        "OAI12H",
        "nBsDI",
        "module",
        109
    ],
    "OAI12HP": [
        "OAI12HP",
        "AjpSp",
        "module",
        110
    ],
    "OAI12HS": [
        "OAI12HS",
        "gULCp",
        "module",
        78
    ],
    "OAI12HT": [
        "OAI12HT",
        "MIaCf",
        "module",
        120
    ],
    "OAI222S": [
        "OAI222S",
        "b3DQ9",
        "module",
        121
    ],
    "OAI22S": [
        "OAI22S",
        "g6FeY",
        "module",
        79
    ],
    "OR2": [
        "OR2",
        "CKBi0",
        "module",
        80
    ],
    "OR2B1": [
        "OR2B1",
        "uQtQD",
        "module",
        81
    ],
    "OR2B1P": [
        "OR2B1P",
        "psQAI",
        "module",
        111
    ],
    "OR2B1S": [
        "OR2B1S",
        "jPMKn",
        "module",
        82
    ],
    "OR2P": [
        "OR2P",
        "QyKd6",
        "module",
        83
    ],
    "OR2S": [
        "OR2S",
        "zpwjW",
        "module",
        84
    ],
    "OR2T": [
        "OR2T",
        "Maviz",
        "module",
        112
    ],
    "OR3B2S": [
        "OR3B2S",
        "eZMWH",
        "module",
        113
    ],
    "OR3S": [
        "OR3S",
        "AC5fk",
        "module",
        122
    ],
    "QDFFRBN": [
        "QDFFRBN",
        "WAsjt",
        "module",
        85
    ],
    "QDFFRBP": [
        "QDFFRBP",
        "QguLd",
        "module",
        86
    ],
    "QDFFRBS": [
        "QDFFRBS",
        "v1qZ5",
        "module",
        87
    ],
    "QDFFRBT": [
        "QDFFRBT",
        "DgAsz",
        "module",
        88
    ],
    "QDFFS": [
        "QDFFS",
        "u7VEY",
        "module",
        89
    ],
    "XNR2HS": [
        "XNR2HS",
        "Fscuj",
        "module",
        90
    ],
    "XOR2HS": [
        "XOR2HS",
        "UifS7",
        "module",
        91
    ],
    "...MASTER...": [
        "SIM",
        "amcQw",
        "module",
        92
    ],
    "dffrsb_udp": [
        "dffrsb_udp",
        "qndjy",
        "udp",
        93
    ],
    "mux2_udp": [
        "mux2_udp",
        "Sbaqa",
        "udp",
        94
    ]
}