{
    "std": [
        "std",
        "reYIK",
        "module",
        1
    ],
    "MEMC": [
        "MEMC",
        "ZnyCc",
        "module",
        2
    ],
    "tb": [
        "tb",
        "g7hgQ",
        "module",
        3
    ],
    "RA1SH": [
        "RA1SH",
        "sgc9x",
        "module",
        4
    ],
    "AN2": [
        "AN2",
        "tIBHS",
        "module",
        92
    ],
    "AN2B1S": [
        "AN2B1S",
        "RW6WH",
        "module",
        6
    ],
    "AN2B1T": [
        "AN2B1T",
        "VGapj",
        "module",
        91
    ],
    "AN2P": [
        "AN2P",
        "SPjbG",
        "module",
        93
    ],
    "AN2S": [
        "AN2S",
        "Q5vPM",
        "module",
        9
    ],
    "AN3B2": [
        "AN3B2",
        "MWyPM",
        "module",
        89
    ],
    "AN3S": [
        "AN3S",
        "JGwp1",
        "module",
        47
    ],
    "AO12": [
        "AO12",
        "BjGS2",
        "module",
        44
    ],
    "AO12S": [
        "AO12S",
        "LP3dV",
        "module",
        73
    ],
    "AO22S": [
        "AO22S",
        "thPpv",
        "module",
        17
    ],
    "AOI12H": [
        "AOI12H",
        "qxbeQ",
        "module",
        33
    ],
    "AOI12HP": [
        "AOI12HP",
        "w9v1q",
        "module",
        29
    ],
    "AOI12HS": [
        "AOI12HS",
        "HY3m6",
        "module",
        71
    ],
    "AOI12HT": [
        "AOI12HT",
        "vV22L",
        "module",
        28
    ],
    "AOI13HS": [
        "AOI13HS",
        "Yf0TI",
        "module",
        88
    ],
    "AOI22S": [
        "AOI22S",
        "wrIhr",
        "module",
        22
    ],
    "BUF1": [
        "BUF1",
        "VpcM6",
        "module",
        23
    ],
    "BUF1CK": [
        "BUF1CK",
        "Q5I4P",
        "module",
        48
    ],
    "BUF1S": [
        "BUF1S",
        "xAvxy",
        "module",
        25
    ],
    "BUF2": [
        "BUF2",
        "RrFpz",
        "module",
        26
    ],
    "BUF3": [
        "BUF3",
        "dzTmH",
        "module",
        27
    ],
    "BUF4": [
        "BUF4",
        "fPIhq",
        "module",
        90
    ],
    "BUF4CK": [
        "BUF4CK",
        "JCEv1",
        "module",
        24
    ],
    "BUF6": [
        "BUF6",
        "zLZVy",
        "module",
        21
    ],
    "BUF6CK": [
        "BUF6CK",
        "pyqpg",
        "module",
        20
    ],
    "DFFRBN": [
        "DFFRBN",
        "i38QR",
        "module",
        19
    ],
    "DFFRBP": [
        "DFFRBP",
        "F0aE9",
        "module",
        16
    ],
    "DFFRBS": [
        "DFFRBS",
        "NLIQF",
        "module",
        15
    ],
    "DFFSBN": [
        "DFFSBN",
        "JNkc3",
        "module",
        30
    ],
    "FA1": [
        "FA1",
        "mRR4W",
        "module",
        67
    ],
    "FA1S": [
        "FA1S",
        "ibUqY",
        "module",
        32
    ],
    "HA1S": [
        "HA1S",
        "Kwthd",
        "module",
        35
    ],
    "INV1CK": [
        "INV1CK",
        "S7FQF",
        "module",
        75
    ],
    "INV1S": [
        "INV1S",
        "wqgB3",
        "module",
        38
    ],
    "INV2": [
        "INV2",
        "S1Ur0",
        "module",
        39
    ],
    "INV3": [
        "INV3",
        "DqdeV",
        "module",
        40
    ],
    "INV3CK": [
        "INV3CK",
        "v8MFi",
        "module",
        66
    ],
    "INV4": [
        "INV4",
        "jnMGw",
        "module",
        43
    ],
    "INV4CK": [
        "INV4CK",
        "sdtQm",
        "module",
        42
    ],
    "INV6": [
        "INV6",
        "KAqZD",
        "module",
        14
    ],
    "MOAI1": [
        "MOAI1",
        "VqKcK",
        "module",
        41
    ],
    "MOAI1S": [
        "MOAI1S",
        "dKZ8Z",
        "module",
        51
    ],
    "MUX2": [
        "MUX2",
        "zGIY9",
        "module",
        63
    ],
    "MUX2S": [
        "MUX2S",
        "GKnxP",
        "module",
        53
    ],
    "ND2": [
        "ND2",
        "TxenJ",
        "module",
        54
    ],
    "ND2P": [
        "ND2P",
        "FkrCI",
        "module",
        37
    ],
    "ND2S": [
        "ND2S",
        "aS1Fw",
        "module",
        56
    ],
    "ND3": [
        "ND3",
        "PbbMh",
        "module",
        77
    ],
    "ND3S": [
        "ND3S",
        "Qjpqr",
        "module",
        59
    ],
    "NR2": [
        "NR2",
        "DUIFi",
        "module",
        60
    ],
    "NR2P": [
        "NR2P",
        "czfxV",
        "module",
        62
    ],
    "NR2T": [
        "NR2T",
        "P4vtc",
        "module",
        13
    ],
    "NR3": [
        "NR3",
        "x5tgV",
        "module",
        61
    ],
    "OA12P": [
        "OA12P",
        "QrNHR",
        "module",
        12
    ],
    "OA12S": [
        "OA12S",
        "LG6yq",
        "module",
        64
    ],
    "OA12T": [
        "OA12T",
        "iZiR8",
        "module",
        11
    ],
    "OA22S": [
        "OA22S",
        "Vz2tY",
        "module",
        65
    ],
    "OAI12H": [
        "OAI12H",
        "nBsDI",
        "module",
        8
    ],
    "OAI12HS": [
        "OAI12HS",
        "gULCp",
        "module",
        68
    ],
    "OAI22S": [
        "OAI22S",
        "g6FeY",
        "module",
        70
    ],
    "OR2": [
        "OR2",
        "CKBi0",
        "module",
        57
    ],
    "OR2B1S": [
        "OR2B1S",
        "jPMKn",
        "module",
        74
    ],
    "OR2P": [
        "OR2P",
        "QyKd6",
        "module",
        31
    ],
    "OR2S": [
        "OR2S",
        "zpwjW",
        "module",
        72
    ],
    "OR2T": [
        "OR2T",
        "Maviz",
        "module",
        7
    ],
    "QDFFRBN": [
        "QDFFRBN",
        "WAsjt",
        "module",
        52
    ],
    "QDFFRBP": [
        "QDFFRBP",
        "QguLd",
        "module",
        50
    ],
    "QDFFRBS": [
        "QDFFRBS",
        "v1qZ5",
        "module",
        76
    ],
    "QDFFRBT": [
        "QDFFRBT",
        "DgAsz",
        "module",
        49
    ],
    "TIE0": [
        "TIE0",
        "cDQY8",
        "module",
        78
    ],
    "TIE1": [
        "TIE1",
        "fUYbc",
        "module",
        79
    ],
    "XNR2HS": [
        "XNR2HS",
        "Fscuj",
        "module",
        80
    ],
    "XOR2HS": [
        "XOR2HS",
        "UifS7",
        "module",
        82
    ],
    "...MASTER...": [
        "SIM",
        "amcQw",
        "module",
        84
    ],
    "dffrsb_udp": [
        "dffrsb_udp",
        "qndjy",
        "udp",
        85
    ],
    "mux2_udp": [
        "mux2_udp",
        "Sbaqa",
        "udp",
        86
    ]
}